<?xml version="1.0" encoding="UTF-8"?>
<!DOCTYPE mapper PUBLIC "-//mybatis.org//DTD Mapper 3.0//EN" "http://mybatis.org/dtd/mybatis-3-mapper.dtd">
<mapper namespace="ncu.hxl.collegeDormitorySecurity.mapper.PermissionMapper">
    <resultMap id="permissionMap" type="ncu.hxl.collegeDormitorySecurity.entity.Permission">
        <result property="id" column="id"/>
        <result property="pid" column="pid"/>
        <result property="name" column="name"/>
        <result property="permissionValue" column="permission_value"/>
        <result property="path" column="path"/>
        <result property="createDate" column="create_date"/>
        <result property="modifiedDate" column="modified_date"/>
    </resultMap>

    <!-- 用于select查询公用抽取的列 -->
    <sql id="columns">
        p.id,p.pid,p.name,p.permission_value,p.create_date,p.modified_date,p.icon,p.url,p.type
    </sql>

    <select id="selectPermissionByUserId" resultMap="permissionMap">
        select
        <include refid="columns" />
        from user_role ur
        inner join role_permission rp on rp.role_id = ur.role_id
        inner join permission p on p.id = rp.permission_id
        where ur.user_id = #{userId}
    </select>

    <select id="selectPermissionValueByUserId" resultType="String">
    	select
        p.permission_value
        from user_role ur
        inner join role_permission rp on rp.role_id = ur.role_id
        inner join permission p on p.id = rp.permission_id
        where ur.user_id = #{userId}
    </select>

    <select id="selectAllPermissionValue" resultType="String">
        select
        permission_value
        from permission
    </select>
</mapper>
