<?xml version="1.0" encoding="UTF-8"?>
<!DOCTYPE mapper PUBLIC "-//mybatis.org//DTD Mapper 3.0//EN" "http://mybatis.org/dtd/mybatis-3-mapper.dtd">
<mapper namespace="ncu.hxl.collegeDormitorySecurity.mapper.RoleMapper">
    <resultMap id="roleMap" type="ncu.hxl.collegeDormitorySecurity.entity.Role">
        <result property="id" column="id"/>
        <result property="roleName" column="role_name"/>
        <result property="createDate" column="create_date"/>
        <result property="modifiedDate" column="modified_date"/>
        <collection property="permission" ofType="string">
            <result property="permission" column="permission_value"></result>
        </collection>
    </resultMap>
    <sql id="columns">
        ro.id,ro.role_name,p.permission_value,ro.create_date,ro.modified_date
    </sql>
    <select id="selectRoleAndPermission" resultMap="roleMap">
        select
        <include refid="columns" />
        from role ro
        inner join role_permission rp on rp.role_id = ro.id
        inner join permission p on p.id = rp.permission_id
    </select>
</mapper>
